parameter,source_id,value_in_iris,unit,status_now,extracted_by,prepared_evidence,value_in_paper,page_table_ref,matches,corrected_value_if_no,reviewer_note,verified_by,verified_on
tdd_mean_u,S1,37.3,U/day,PENDING_VERIFY,document_appendix,"Results text: 'Information on insulin doses was available for 64 participants, with a mean TDD of 37.3 units (SD 12.2)'. Table row 'TDD | 37.3 (12.2)' in the diabetes-management-metrics table. Table number and page NOT captured.",,,,,,,
tdd_sd_u,S1,12.2,U/day,PENDING_VERIFY,document_appendix,Same sentence/table row: SD 12.2 U. Page/table not captured.,,,,,,,
cycle_length_mean_d,S1,28.4,d,PENDING_VERIFY,document_appendix,Results text: 'The mean menstrual cycle length was 28.4 days (SD 3.1)' citing Supplementary Table 3. Page not captured.,,,,,,,
cycle_length_sd_d,S1,3.1,d,PENDING_VERIFY,document_appendix,Same sentence: SD 3.1 d (between-cycle SD across participants as reported; check definition).,,,,,,,
sensitivity_contrast_early_follicular,S1,0.026,fraction of individual mean,PENDING_VERIFY,document_appendix,"AMBIGUOUS: paper text for the 84.7% group gives +2.7% (CrI 0.4, 5.0); secondary reports give +2.6% for the population-level effect. IRIS stores 0.026 [0.003, 0.050]. Reviewer must read which quantity each number is.",,,,,,,
sensitivity_contrast_midluteal,S1,-0.026,fraction of individual mean,PENDING_VERIFY,document_appendix,"Paper text: -2.7% for the 84.7% group (CrI not captured); secondary reports: -2.6% population-level. IRIS stores -0.026 [-0.052, -0.001]. Reviewer must reconcile.",,,,,,,
share_consistent_with_population_trend,S1,0.847,fraction,PENDING_VERIFY,document_appendix,Paper text: 84.7% of participants showed a consistent trajectory (above-average sensitivity early follicular and periovulatory; below-average midluteal).,,,,,,,
luteal_length_mean_d,S1,14.0,d,PENDING_VERIFY,document_appendix,Not found in captured text. Search main text and Supplementary Table 3.,,,,,,,
luteal_length_sd_d,S1,1.7,d,PENDING_VERIFY,document_appendix,Not found in captured text.,,,,,,,
sensitivity_contrast_late_follicular,S1,,fraction of individual mean,UNRESOLVED,,Secondary report: sensitivity 'remained above average through the late follicular phase'. Numeric value not captured: extract from the paper's figure/supplement.,,,,,,,
sensitivity_contrast_periovulatory,S1,,fraction of individual mean,UNRESOLVED,,"Paper text: +1.9% (CrI 0.3, 3.4) appears in the sentence on the 84.7% group; confirm it is the population-level estimate.",,,,,,,
sensitivity_contrast_early_luteal,S1,,fraction of individual mean,UNRESOLVED,,,,,,,,,
sensitivity_contrast_late_luteal,S1,,fraction of individual mean,UNRESOLVED,,,,,,,,,
between_person_posterior_sd,S1,,ln units,UNRESOLVED,,,,,,,,,
anovulatory_prevalence,,,fraction,UNRESOLVED,,,,,,,,,
phase_day_windows,S1,,days,UNRESOLVED,,,,,,,,,
