source_id,class,title,citation_or_url_current,used_in_files,prepared_evidence,prepared_open_questions,doi_or_url_confirmed,version,access_date,licence_or_access,claim_location,evidence_note,evidence_type,ambiguity_note,dataset_sha256,status,verified_by,verified_on
S1,PUBLISHED,Hossmann et al. Effects of menstrual cycle on insulin sensitivity in type 1 diabetes (AID cohort),doi:10.2337/dc26-0692 | Diabetes Care 2026;49(9):1673-1680,configs/fusion/admissible_set.yaml; configs/fusion/scenarios.yaml; configs/population/population_default.yaml; literature/biological_evidence.csv; src/iris/estimator/simulator.py; src/iris/evaluate/sensitivity.py; src/iris/report/figures.py; src/iris/tools/experiment_lib.py,"Open-access article: Diabetes Care 2026 Jul 22 (online); 49(9):1673-1680; DOI 10.2337/dc26-0692; PMC13493352; PubMed 42482329. First author Stefanie Hossmann (Diabetes Center Berne). 77 participants, 380 cycles; AID users who self-tracked cycles; hierarchical Bayesian state-space model of insulin sensitivity. TDD reported for 64 participants: 37.3 U (SD 12.2) = bolus 20 (9.7) + basal 17.5 (8.4). Mean cycle length 28.4 d (SD 3.1) cites Supplementary Table 3. Overall-column TDD 37.3 (12.2) appears in the diabetes-management-metrics table (table number not captured); phase TDD means 34.9/36.6/37.2/38.1/38.5/38.8 U (early follicular ... late luteal), P<0.001. 84.7% of participants follow the population trajectory. Carbohydrate 118.8 g/day (n=61) is from a secondary report (Healio), not the paper text.","(1) PMC/doi.org could not be opened by the preparer: confirm every value on the page/PDF and record table/figure numbers. (2) Phase-effect wording: the paper sentence on the 84.7% group gives early follicular +2.7% (CrI 0.4, 5.0) and periovulatory +1.9% (0.3, 3.4); secondary reports and IRIS use +/-2.6% with CI 0.003..0.050 / -0.052..-0.001. Decide whether these are the same quantity (population posterior vs a subgroup mean) and record which table/figure each comes from. (3) Registry lists luteal length 14.0 (SD 1.7), anovulatory prevalence and late-follicular/periovulatory/early-luteal/late-luteal contrasts as [VERIFY]/[TO EXTRACT]: not found in the captured text; search main text, Supplementary Tables and Supplementary Figs. (4) Check whether TDD is arithmetic mean over days then people.",,,,,,,,,,OPEN,,
S2,PUBLISHED,Brown et al. Fluctuations of hyperglycemia and insulin sensitivity linked to menstrual cycle phases in T1D,J Diabetes Sci Technol 2015,configs/fusion/admissible_set.yaml; configs/fusion/scenarios.yaml,"PubMed 26468135: 'Fluctuations of Hyperglycemia and Insulin Sensitivity Are Linked to Menstrual Cycle Phases in Women With T1D'. 12 subjects (age 33.1+/-7.0), Kalman-filter nocturnal SI; SI lower in luteal vs early follicular (P<=.05); total daily insulin, carbohydrates and calories showed no significant fluctuation.","Confirm author list (registry says Brown et al.), journal volume/pages (registry says J Diabetes Sci Technol 2015), DOI, and licence.",,,,,,,,,,OPEN,,
S3,PUBLISHED,T1DEXI menstrual-cycle analysis: Changing glucose levels during the menstrual cycle (Type 1 Diabetes Exercise Initiative),ScienceDirect S149926712400128X (2024) [VERIFY authors/journal],configs/fusion/admissible_set.yaml; configs/fusion/scenarios.yaml; src/iris/population/checks.py; src/iris/thermal/potency_draws.py,"Registry flags [VERIFY authors/journal]. Project document quotes median TDD 37.4 U (early follicular) to 38.5 U (late luteal), p=0.02, and N described as 179 participants. Not independently checked this session.","Confirm full citation, N for the TDD analysis, phase definitions, and the exact TDD figures.",,,,,,,,,,OPEN,,
S4,PUBLISHED,Rojas Lopez et al. Glycemic control during the menstrual cycle in women with T1D: AID performance,doi:10.1111/dom.70673; PMID 41877361 [VERIFY author list],configs/fusion/admissible_set.yaml; configs/fusion/scenarios.yaml,"PubMed 41877361: 'Glycemic Control During the Menstrual Cycle in Women With T1D: Performance of an AID System'. 48 cycles from 17 women, MiniMed 780G; late luteal (days -7..-1) vs early follicular (days 1-7); TDD higher in late luteal (33.1 vs 32.0 U, p<0.05 in the abstract snippet).","Registry DOI doi:10.1111/dom.70673 not checked; confirm DOI, author list, and that the TDD values are as stated (snippet was truncated).",,,,,,,,,,OPEN,,
S5,PUBLISHED,Adolescent AID menstrual-cycle study,J Pediatr Endocrinol Metab 2026 [VERIFY],configs/fusion/scenarios.yaml; src/iris/thermal/exposure.py,"Found DOI 10.1515/jpem-2026-0309: adolescents 12.0-17.9 y, >=1 y postmenarche, AID >=6 months, app-tracked cycles, nine complete cycles per participant; luteal-phase insulin demand and hyperglycaemia.",Confirm title/authors/volume (registry says J Pediatr Endocrinol Metab 2026 [VERIFY]) and licence.,,,,,,,,,,OPEN,,
S7,PUBLISHED,Vimalavathini & Gitanjali. Effect of temperature on the potency and pharmacological action of insulin,Indian J Med Res 2009;130:166-169,configs/fusion/admissible_set.yaml; configs/fusion/scenarios.yaml,,,,,,,,,,,,OPEN,,
S8,PUBLISHED,Effect of temperature on the stability of in-use insulin pens,Exp Clin Endocrinol Diabetes 2021;129:683-688,configs/fusion/scenarios.yaml; src/iris/thermal/exposure.py,,,,,,,,,,,,OPEN,,
S9,PUBLISHED,Insulin pen stability under fluctuating 25-37 C,BMJ Open Diabetes Res Care 2022;10:e003105,,,,,,,,,,,,,OPEN,,
S10,PUBLISHED,"Isophane insulin at 5, 25, 40 C",J Pharmacol Pharmacother,,,,,,,,,,,,,OPEN,,
S11,PUBLISHED,Cochrane review CD015385: Thermal stability and storage of human insulin,Cochrane CD015385,,,,,,,,,,,,,OPEN,,
S12,PUBLISHED,Forsander et al. Insulin thermostability in a real-world setting,Lancet Diabetes Endocrinol 2023,configs/fusion/scenarios.yaml,,,,,,,,,,,,OPEN,,
S13,PUBLISHED,Brange et al. Chemical stability of insulin 1. Hydrolytic degradation during storage,Pharm Res 1992;9:715-726,,,,,,,,,,,,,OPEN,,
S14,PUBLISHED,Oliva et al. Influence of temperature and shaking on stability of insulin preparations,Int J Pharm 1996;143:163-170,,,,,,,,,,,,,OPEN,,
S15,PUBLIC_DATASET,HUPA-UCM diabetes dataset,doi:10.1016/j.dib.2024.110559; Mendeley Data doi:10.17632/3hbcscwz44.1,,"Registry: Data in Brief doi:10.1016/j.dib.2024.110559; Mendeley Data doi:10.17632/3hbcscwz44.1. Project document: 25 people, >=14 days, FreeStyle Libre 2, bolus/basal/carbs, no cycle labels. A third-party benchmark listing reports CC BY 4.0 (secondary, not authoritative).",Read the licence line on the Mendeley Data page itself and the dataset version number; record both.,,,,,,,,,,OPEN,,
S16,PUBLIC_DATASET,DiaTrend,Sci Data 2023;10:556,,"Scientific Data 2023;10:556 (arXiv 2304.06506). 54 people with T1D; 27,561 CGM days; 8,220 pump days; 54 Excel files (one per subject); controlled access via Synapse; access DOI 10.7303/syn38187184 (listed by the authors' lab page). Participants consented to open sharing but access is controlled.",Record the Synapse access conditions and approval date; version/date of the downloaded files.,,,,,,,,,,OPEN,,
S17,PUBLIC_DATASET,BrisT1D dataset,arXiv 2507.17757 and Bristol repository,,"Registry: arXiv 2507.17757 and Bristol repository. Project document: BrisT1D-Open ~19 usable [VERIFY], CC BY 4.0 for the open part. A third-party listing also reports BrisT1D-Open as CC BY 4.0 (secondary).","Confirm the open-part licence, version and participant count on the Bristol repository page.",,,,,,,,,,OPEN,,
S18,PUBLIC_DATASET,OhioT1DM dataset,Marling & Bunescu 2020 [NOT VERIFIED],,"Registry: Marling & Bunescu 2020 [NOT VERIFIED]. Project document: 12 people, ~8 weeks, data use agreement.",Locate the official OhioT1DM page and DUA; record who signed and when. Phase 2 only.,,,,,,,,,,OPEN,,
S19,PUBLIC_DATASET,T1DEXI / T1DEXIP,T1DEXI documentation and Vivli listing,,T1DEXI datasets are listed on Vivli (a Helmsley Charitable Trust grant funds a Vivli data-sharing platform for T1-DEXI datasets). Vivli process (from Vivli pages): request -> administrative check -> contributor feasibility review -> Independent Review Panel -> DUA executed per team member -> analysis inside Vivli secure research environment; typically 'a few months'.,Confirm the exact study identifier on Vivli and whether menstrual-cycle variables exist and how they are coded (project document: [VERIFY]). Phase 2 only.,,,,,,,,,,OPEN,,
S26,PUBLISHED,"Menstrual Cycle, Glucose Control and Insulin Sensitivity in T1D: A Systematic Review",doi:10.3390/jpm13020374 | J Pers Med 2023;13(2):374,,,,,,,,,,,,,OPEN,,
S27,PUBLIC_DATASET,ERA5-Land hourly reanalysis (Munoz-Sabater et al. 2021),Earth Syst Sci Data 2021;13:4349-4383 [VERIFY],configs/fusion/scenarios.yaml; configs/thermal/climate_sources.yaml; src/iris/tools/fetch_sources.py,,,,,,,,,,,,OPEN,,
S28,PUBLIC_DATASET,ERA5 global reanalysis (Hersbach et al. 2020),Q J R Meteorol Soc 2020;146:1999-2049 [VERIFY],configs/fusion/scenarios.yaml; configs/thermal/climate_sources.yaml,,,,,,,,,,,,OPEN,,
S29,PUBLIC_DATASET,NASA POWER daily climate data,NASA POWER data access interface (access date to be recorded),configs/fusion/scenarios.yaml; configs/thermal/climate_sources.yaml; src/iris/tools/fetch_sources.py,,,,,,,,,,,,OPEN,,
S30,PUBLIC_DATASET,IMD high-resolution daily gridded temperature (Srivastava et al. 2009),Atmos Sci Lett 2009 [VERIFY details],configs/thermal/climate_sources.yaml,,,,,,,,,,,,OPEN,,
S31,PUBLIC_DATASET,ASHRAE Global Thermal Comfort Database II,Build Environ 2018 [VERIFY details],configs/thermal/climate_sources.yaml; configs/thermal/contexts.yaml,,,,,,,,,,,,OPEN,,
S32,PUBLISHED,Manu et al. India Model for Adaptive Comfort (IMAC),Build Environ 2016 [VERIFY details],configs/thermal/contexts.yaml,,,,,,,,,,,,OPEN,,
S33,PUBLISHED,Beck et al. Koppen-Geiger climate classification maps,Sci Data 2018 [VERIFY details],,,,,,,,,,,,,OPEN,,
S34,PUBLISHED,Parton & Logan. A model for diurnal variation in soil and air temperature,Agric Meteorol 1981;23:205-216 [VERIFY],src/iris/thermal/reconstruct.py,,,,,,,,,,,,OPEN,,
S35,OPEN_RESOURCE,Heat-transfer handbook correlations; glass-vial dimension standard; national standards body water/glass tables,(addresses to be recorded),configs/thermal/lag.yaml; src/iris/tools/experiment_lib.py,,,,,,,,,,,,OPEN,,
S36,PUBLISHED,Published validation studies of ERA5 / ERA5-Land / NASA POWER 2 m temperature,(to be located),src/iris/thermal/retrieve.py,,,,,,,,,,,,OPEN,,
S38,OPEN_RESOURCE,TIMES programme (Diabetes Center Berne with Tidepool) funder summary; NCT06282055,Breakthrough T1D grant page accessed 2026-10-04,,ClinicalTrials.gov NCT06282055: 'Trajectories in Insulin Sensitivity Across MEnstrual cycleS in Women With Type 1 Diabetes' (TIMES). Context only; never a model input.,Confirm funder page citation and access date.,,,,,,,,,,OPEN,,
