resource,category,purpose,source,url_or_doi_status,access_requirement,licence_requirement,required_files,repository_destination,dependent_experiments,current_status,acquisition_action,verification_action,next_step
S1 Hossmann et al. Effects of menstrual cycle on insulin sensitivity in t,requires human scientific sign-off,"Phase effects, heterogeneity, TDD, carbohydrate, cycle length",doi:10.2337/dc26-0692 | Diabetes Care 2026;49(9):1673-1680,DOI/URL in registry,journal/provider page (open or institutional),cite only; record copyright line,the paper/page itself (evidence page/table recorded in the worksheet),"docs/literature/ worksheets, literature/*.csv",see registry used_for,UNVERIFIED (no access date / licence / sign-off),open the source,docs/literature/01_source_verification_runbook.md,docs/START_HERE.md steps 2-4
S2 Brown et al. Fluctuations of hyperglycemia and insulin sensitivity lin,requires human scientific sign-off,State-space precedent; small-study contrast,J Diabetes Sci Technol 2015,citation only: locate the exact record,journal/provider page (open or institutional),cite only; record copyright line,the paper/page itself (evidence page/table recorded in the worksheet),"docs/literature/ worksheets, literature/*.csv",see registry used_for,UNVERIFIED (no access date / licence / sign-off),open the source,docs/literature/01_source_verification_runbook.md,docs/START_HERE.md steps 2-4
S3 T1DEXI menstrual-cycle analysis: Changing glucose levels during the me,requires human scientific sign-off,TDD and carbohydrate by phase,ScienceDirect S149926712400128X (2024) [VERIFY authors/journal],citation only: locate the exact record,journal/provider page (open or institutional),cite only; record copyright line,the paper/page itself (evidence page/table recorded in the worksheet),"docs/literature/ worksheets, literature/*.csv",see registry used_for,UNVERIFIED (no access date / licence / sign-off),open the source,docs/literature/01_source_verification_runbook.md,docs/START_HERE.md steps 2-4
S4 Rojas Lopez et al. Glycemic control during the menstrual cycle in wome,requires human scientific sign-off,Cross-study consistency,doi:10.1111/dom.70673; PMID 41877361 [VERIFY author list],DOI/URL in registry,journal/provider page (open or institutional),cite only; record copyright line,the paper/page itself (evidence page/table recorded in the worksheet),"docs/literature/ worksheets, literature/*.csv",see registry used_for,UNVERIFIED (no access date / licence / sign-off),open the source,docs/literature/01_source_verification_runbook.md,docs/START_HERE.md steps 2-4
S5 Adolescent AID menstrual-cycle study,requires human scientific sign-off,Context (adolescents),J Pediatr Endocrinol Metab 2026 [VERIFY],citation only: locate the exact record,journal/provider page (open or institutional),cite only; record copyright line,the paper/page itself (evidence page/table recorded in the worksheet),"docs/literature/ worksheets, literature/*.csv",see registry used_for,UNVERIFIED (no access date / licence / sign-off),open the source,docs/literature/01_source_verification_runbook.md,docs/START_HERE.md steps 2-4
S7 Vimalavathini & Gitanjali. Effect of temperature on the potency and ph,requires human scientific sign-off,Thermal data,Indian J Med Res 2009;130:166-169,citation only: locate the exact record,journal/provider page (open or institutional),cite only; record copyright line,the paper/page itself (evidence page/table recorded in the worksheet),"docs/literature/ worksheets, literature/*.csv",see registry used_for,UNVERIFIED (no access date / licence / sign-off),open the source,docs/literature/01_source_verification_runbook.md,docs/START_HERE.md steps 2-4
S8 Effect of temperature on the stability of in-use insulin pens,requires human scientific sign-off,Disagreeing thermal data,Exp Clin Endocrinol Diabetes 2021;129:683-688,citation only: locate the exact record,journal/provider page (open or institutional),cite only; record copyright line,the paper/page itself (evidence page/table recorded in the worksheet),"docs/literature/ worksheets, literature/*.csv",see registry used_for,UNVERIFIED (no access date / licence / sign-off),open the source,docs/literature/01_source_verification_runbook.md,docs/START_HERE.md steps 2-4
S9 Insulin pen stability under fluctuating 25-37 C,requires human scientific sign-off,Cycling-temperature check,BMJ Open Diabetes Res Care 2022;10:e003105,citation only: locate the exact record,journal/provider page (open or institutional),cite only; record copyright line,the paper/page itself (evidence page/table recorded in the worksheet),"docs/literature/ worksheets, literature/*.csv",see registry used_for,UNVERIFIED (no access date / licence / sign-off),open the source,docs/literature/01_source_verification_runbook.md,docs/START_HERE.md steps 2-4
"S10 Isophane insulin at 5, 25, 40 C",requires human scientific sign-off,High-temperature data,J Pharmacol Pharmacother,citation only: locate the exact record,journal/provider page (open or institutional),cite only; record copyright line,the paper/page itself (evidence page/table recorded in the worksheet),"docs/literature/ worksheets, literature/*.csv",see registry used_for,UNVERIFIED (no access date / licence / sign-off),open the source,docs/literature/01_source_verification_runbook.md,docs/START_HERE.md steps 2-4
S11 Cochrane review CD015385: Thermal stability and storage of human insul,requires human scientific sign-off,Evidence base limits,Cochrane CD015385,citation only: locate the exact record,journal/provider page (open or institutional),cite only; record copyright line,the paper/page itself (evidence page/table recorded in the worksheet),"docs/literature/ worksheets, literature/*.csv",see registry used_for,UNVERIFIED (no access date / licence / sign-off),open the source,docs/literature/01_source_verification_runbook.md,docs/START_HERE.md steps 2-4
S12 Forsander et al. Insulin thermostability in a real-world setting,requires human scientific sign-off,Scenario S8 benchmark,Lancet Diabetes Endocrinol 2023,citation only: locate the exact record,journal/provider page (open or institutional),cite only; record copyright line,the paper/page itself (evidence page/table recorded in the worksheet),"docs/literature/ worksheets, literature/*.csv",see registry used_for,UNVERIFIED (no access date / licence / sign-off),open the source,docs/literature/01_source_verification_runbook.md,docs/START_HERE.md steps 2-4
S13 Brange et al. Chemical stability of insulin 1. Hydrolytic degradation ,requires human scientific sign-off,Deamidation kinetics,Pharm Res 1992;9:715-726,citation only: locate the exact record,journal/provider page (open or institutional),cite only; record copyright line,the paper/page itself (evidence page/table recorded in the worksheet),"docs/literature/ worksheets, literature/*.csv",see registry used_for,UNVERIFIED (no access date / licence / sign-off),open the source,docs/literature/01_source_verification_runbook.md,docs/START_HERE.md steps 2-4
S14 Oliva et al. Influence of temperature and shaking on stability of insu,requires human scientific sign-off,Kinetic model forms,Int J Pharm 1996;143:163-170,citation only: locate the exact record,journal/provider page (open or institutional),cite only; record copyright line,the paper/page itself (evidence page/table recorded in the worksheet),"docs/literature/ worksheets, literature/*.csv",see registry used_for,UNVERIFIED (no access date / licence / sign-off),open the source,docs/literature/01_source_verification_runbook.md,docs/START_HERE.md steps 2-4
S15 HUPA-UCM diabetes dataset,publicly downloadable,Estimator validation dataset,doi:10.1016/j.dib.2024.110559; Mendeley Data doi:10.17632/3hbcscwz44.1,DOI/URL present in registry; not opened by the preparer,Mendeley Data (open; free login only if asked),read the licence on the provider page and record it verbatim,all dataset files,data/raw/hupa_ucm/,"M6, M4, M1",UNVERIFIED (no access date / licence / sign-off),docs/data/01_hupa_ucm.md,source_verification worksheet row + register_raw digest,docs/data/04_ingestion_and_mapping.md
S16 DiaTrend,requires approval/request,Estimator validation dataset,Sci Data 2023;10:556,DOI/URL present in registry; not opened by the preparer,Synapse account + access requirement approval,read the licence on the provider page and record it verbatim,54 .xlsx files,data/raw/diatrend/ (git-ignored),"L4, M5",UNVERIFIED (no access date / licence / sign-off),docs/data/03_diatrend.md,source_verification worksheet row + register_raw digest,docs/data/04_ingestion_and_mapping.md
S17 BrisT1D dataset,publicly downloadable,Estimator validation dataset,arXiv 2507.17757 and Bristol repository,DOI/URL present in registry; not opened by the preparer,"Bristol data repository, Open part only",read the licence on the provider page and record it verbatim,BrisT1D-Open files,data/raw/brist1d/,"M6, M4, M1",UNVERIFIED (no access date / licence / sign-off),docs/data/02_bristol_brist1d.md,source_verification worksheet row + register_raw digest,docs/data/04_ingestion_and_mapping.md
S18 OhioT1DM dataset,requires approval/request,Estimator validation dataset,Marling & Bunescu 2020 [NOT VERIFIED],DOI/URL present in registry; not opened by the preparer,Data use agreement with the custodians,read the licence on the provider page and record it verbatim,OhioT1DM release files,data/raw/ohiot1dm/ (git-ignored),optional method check,UNVERIFIED (no access date / licence / sign-off),docs/data/06_ohiot1dm.md,source_verification worksheet row + register_raw digest,docs/data/04_ingestion_and_mapping.md
S19 T1DEXI / T1DEXIP,requires approval/request,Estimator validation dataset,T1DEXI documentation and Vivli listing,DOI/URL present in registry; not opened by the preparer,"Vivli request, per-member DUA, secure environment",read the licence on the provider page and record it verbatim,T1DEXI study data (inside Vivli),NOT in the repository (analysis inside Vivli),"M2, M3 (only if cycle variables exist)",UNVERIFIED (no access date / licence / sign-off),docs/data/05_t1dexi.md,source_verification worksheet row + register_raw digest,docs/data/04_ingestion_and_mapping.md
"S26 Menstrual Cycle, Glucose Control and Insulin Sensitivity in T1D: A Sys",requires human scientific sign-off,Cycle-evidence heterogeneity,doi:10.3390/jpm13020374 | J Pers Med 2023;13(2):374,DOI/URL in registry,journal/provider page (open or institutional),cite only; record copyright line,the paper/page itself (evidence page/table recorded in the worksheet),"docs/literature/ worksheets, literature/*.csv",see registry used_for,UNVERIFIED (no access date / licence / sign-off),open the source,docs/literature/01_source_verification_runbook.md,docs/START_HERE.md steps 2-4
S27 ERA5-Land hourly reanalysis (Munoz-Sabater et al. 2021),requires account,Primary hourly climate input,Earth Syst Sci Data 2021;13:4349-4383 [VERIFY],DOI/URL present in registry; not opened by the preparer,Copernicus CDS account + licence acceptance (to confirm),read the licence on the provider page and record it verbatim,pre-registered locations/period,data/raw/climate/era5_land/,"E1, E2, scenario S5",UNVERIFIED (no access date / licence / sign-off),docs/data/07_climate_and_context.md,source_verification worksheet row + register_raw digest,freeze location rule first; E1/E2 production reader needed (D-12)
S28 ERA5 global reanalysis (Hersbach et al. 2020),requires account,Cross-check of ERA5-Land,Q J R Meteorol Soc 2020;146:1999-2049 [VERIFY],DOI/URL present in registry; not opened by the preparer,Copernicus CDS account (to confirm),read the licence on the provider page and record it verbatim,same,data/raw/climate/era5/,E1,UNVERIFIED (no access date / licence / sign-off),docs/data/07_climate_and_context.md,source_verification worksheet row + register_raw digest,same
S29 NASA POWER daily climate data,publicly downloadable,Independent daily climate source,NASA POWER data access interface (access date to be recorded),DOI/URL present in registry; not opened by the preparer,public API (to confirm),read the licence on the provider page and record it verbatim,same,data/raw/climate/nasa_power/,E1,UNVERIFIED (no access date / licence / sign-off),docs/data/07_climate_and_context.md,source_verification worksheet row + register_raw digest,same
S30 IMD high-resolution daily gridded temperature (Srivastava et al. 2009),requires account,Regional daily Tmax/Tmin,Atmos Sci Lett 2009 [VERIFY details],DOI/URL present in registry; not opened by the preparer,IMD portal; registration/terms to be confirmed,read the licence on the provider page and record it verbatim,gridded temperature,data/raw/climate/imd/,E1,UNVERIFIED (no access date / licence / sign-off),docs/data/07_climate_and_context.md,source_verification worksheet row + register_raw digest,same
S31 ASHRAE Global Thermal Comfort Database II,publicly downloadable,Context-mapping fit and hold-out,Build Environ 2018 [VERIFY details],DOI/URL present in registry; not opened by the preparer,public release (to confirm),read the licence on the provider page and record it verbatim,database II files,data/raw/comfort/,E2,UNVERIFIED (no access date / licence / sign-off),docs/data/07_climate_and_context.md,source_verification worksheet row + register_raw digest,same
S32 Manu et al. India Model for Adaptive Comfort (IMAC),requires human scientific sign-off,Context-mapping coefficients,Build Environ 2016 [VERIFY details],citation only: locate the exact record,journal/provider page (open or institutional),cite only; record copyright line,the paper/page itself (evidence page/table recorded in the worksheet),"docs/literature/ worksheets, literature/*.csv",see registry used_for,UNVERIFIED (no access date / licence / sign-off),open the source,docs/literature/01_source_verification_runbook.md,docs/START_HERE.md steps 2-4
S33 Beck et al. Koppen-Geiger climate classification maps,requires human scientific sign-off,Location selection by class,Sci Data 2018 [VERIFY details],citation only: locate the exact record,journal/provider page (open or institutional),cite only; record copyright line,the paper/page itself (evidence page/table recorded in the worksheet),"docs/literature/ worksheets, literature/*.csv",see registry used_for,UNVERIFIED (no access date / licence / sign-off),open the source,docs/literature/01_source_verification_runbook.md,docs/START_HERE.md steps 2-4
S34 Parton & Logan. A model for diurnal variation in soil and air temperat,requires human scientific sign-off,Sub-daily reconstruction,Agric Meteorol 1981;23:205-216 [VERIFY],citation only: locate the exact record,journal/provider page (open or institutional),cite only; record copyright line,the paper/page itself (evidence page/table recorded in the worksheet),"docs/literature/ worksheets, literature/*.csv",see registry used_for,UNVERIFIED (no access date / licence / sign-off),open the source,docs/literature/01_source_verification_runbook.md,docs/START_HERE.md steps 2-4
S35 Heat-transfer handbook correlations; glass-vial dimension standard; na,requires human scientific sign-off,Lumped-capacitance parameters,(addresses to be recorded),citation only: locate the exact record,journal/provider page (open or institutional),cite only; record copyright line,the paper/page itself (evidence page/table recorded in the worksheet),"docs/literature/ worksheets, literature/*.csv",see registry used_for,UNVERIFIED (no access date / licence / sign-off),open the source,docs/literature/01_source_verification_runbook.md,docs/START_HERE.md steps 2-4
S36 Published validation studies of ERA5 / ERA5-Land / NASA POWER 2 m temp,requires human scientific sign-off,sigma_val in climate-data bias,(to be located),citation only: locate the exact record,journal/provider page (open or institutional),cite only; record copyright line,the paper/page itself (evidence page/table recorded in the worksheet),"docs/literature/ worksheets, literature/*.csv",see registry used_for,UNVERIFIED (no access date / licence / sign-off),open the source,docs/literature/01_source_verification_runbook.md,docs/START_HERE.md steps 2-4
S38 TIMES programme (Diabetes Center Berne with Tidepool) funder summary; ,requires human scientific sign-off,Heterogeneity context only; never a model input,Breakthrough T1D grant page accessed 2026-10-04,citation only: locate the exact record,journal/provider page (open or institutional),cite only; record copyright line,the paper/page itself (evidence page/table recorded in the worksheet),"docs/literature/ worksheets, literature/*.csv",see registry used_for,UNVERIFIED (no access date / licence / sign-off),open the source,docs/literature/01_source_verification_runbook.md,docs/START_HERE.md steps 2-4
Repository code and tests,already available,all experiments,uploaded tarball,n/a,none,MIT (LICENSE),repository,repo root,all,present; tests pass,git init + commit + tag before production runs,python -m pytest tests -q,docs/runbook/02_environment_setup.md
Project document (docx),already available,scientific definition,uploaded,n/a,none,n/a,docx,outside repo,all,present,none,claims_lint on any text derived from it,docs/START_HERE.md
"Execution package (these documents, matrix, worksheets, notebook, tools)",generated by preparer,execution,this repository,n/a,none,MIT,"docs/, scripts/, notebooks/, templates/, manifests/",repo,all,generated 2026-10-07,none,"run the tests, regenerate matrix with `make readiness`",docs/START_HERE.md
GitHub account + repository,requires account,"canonical online repository, CI, Pages, Releases",github.com,n/a,free account,choose MIT (already in LICENSE),whole repository (without data),GitHub,release,to create,docs/release/release_checklist.md section A,push; CI green,docs/release/release_checklist.md
Kaggle account (optional),requires account,independent repeat run,kaggle.com,n/a,free account + phone verification for Internet,per dataset licence,open datasets only,Kaggle,"M4, M1, M6",optional,docs/ml/kaggle_and_ml_guide.md,verify_run_dir.py on imported runs,docs/ml/kaggle_and_ml_guide.md
Synapse account,requires account,DiaTrend access,synapse.org,n/a,free account,per access requirement,n/a,n/a,"L4, M5",to create,docs/data/03_diatrend.md,n/a,docs/data/03_diatrend.md
Vivli account,requires approval/request,T1DEXI access,vivli.org,n/a,account + institution signatory,DUA,n/a,n/a,"M2, M3",to create,docs/data/05_t1dexi.md,n/a,docs/data/05_t1dexi.md
Owner decisions: pre-registration freeze,requires human scientific sign-off,confirmatory criteria,docs/prereg/conclusions.yaml,n/a,owner,n/a,conclusions.yaml,docs/prereg/,F5 and all confirmatory claims,frozen: false,docs/prereg/freeze_procedure.md,git tag prereg-v1,docs/START_HERE.md step 7
E1/E2 production reader (code),unavailable / scientifically unsuitable,climate branch,to be written after the location rule is frozen and one real file is seen,n/a,n/a,n/a,n/a,src/iris/thermal/,"E1, E2, scenario S5",NOT IMPLEMENTED (code limitation),see docs/data/07_climate_and_context.md,tests on real file,decision D-12
BrisT1D-Restricted part,unavailable / scientifically unsuitable,not needed,Bristol repository (restricted),n/a,approval,restricted,n/a,n/a,none,out of scope,none,none,none
Kaggle competition version of BrisT1D,unavailable / scientifically unsuitable,different lagged wide layout,Kaggle,n/a,competition rules,competition terms,n/a,n/a,none,do not mix with repository files,none,none,none
"Cycle labels for HUPA-UCM, BrisT1D, DiaTrend",unavailable / scientifically unsuitable,do not exist; must not be inferred,n/a,n/a,n/a,n/a,n/a,n/a,"M2, M3",scientifically unjustified,none,none,T1DEXI route (docs/data/05_t1dexi.md)
