experiment,scientific_purpose,question,required_data,required_literature,references_to_other_experiments,classification,blocker_type,production_status_checked,what_removes_the_blocker,expected_output_files,validation_criteria,production_vs_test,supports_final_scientific_claim,caveat
E1_climate_agreement,Cross-source agreement/QC of 2 m temperature records at Koppen-Geiger-selected locations,"Do ERA5-Land, ERA5, NASA POWER and IMD agree within pre-registered thresholds; what is sigma_val?",S27-S30 (climate records),S36 (published validation of reanalysis 2 m temperature),,READY AFTER DATA ACQUISITION,"code limitation (no production path); research decision (location rule, thresholds); missing external input (climate records)","BLOCKED: SCIENTIFIC BLOCKER: parameter 'climate_sources' is unresolved (no registered, verified climate series available (S27-S31 unresolved in climate_sources.yaml)). Needed: register address/version/licence, run fetch_sources, verify hashes, freeze the location rule and agreement thresholds in pre","CODE LIMITATION first: E1 has no production code path (only the synthetic TEST path). Then: freeze location rule + thresholds (prereg), download + register S27-S30 (docs/data/07_climate_and_context.md), verify sources",# Expected outputs: E1_climate_agreement Written to `results/runs/<run_id>/tables/` (parquet + `.provenance.json` sidecars) and `figures/`: - cross_source_agreement - sigma_data tables - agreement figures Every table carries an evidence class (COMPUTED) and the run's provenance. Non-production runs are stamped PROVISIONAL or TEST-ONLY.,Records hash-registered; thresholds frozen before inspection; agreement table + figures regenerate byte-stable from seed,Cannot run in production until a production reader is written; then needs verified sources,Yes: climate-input uncertainty for the exposure model (not a biological claim),Reanalysis is not in-vial temperature; agreement does not prove accuracy
E2_reconstruction_context,Sub-daily reconstruction (Parton-Logan) and context mapping (IMAC/ASHRAE fit + hold-out),Does the reconstruction/context mapping hold out-of-sample against ASHRAE II records?,"S27 (via E1), S31","S32, S34, S36",,DEPENDENT ON UPSTREAM EXPERIMENT,code limitation (no production path); missing external input; upstream E1,"BLOCKED: SCIENTIFIC BLOCKER: parameter 'hourly_truth_and_comfort_db' is unresolved (no registered hourly climate truth (S27) or comfort database (S31)). Needed: register, hash and verify, then re-run","CODE LIMITATION (no production path, like E1); E1 done; S31 registered; S32/S34 verified",# Expected outputs: E2_reconstruction_context Written to `results/runs/<run_id>/tables/` (parquet + `.provenance.json` sidecars) and `figures/`: - reconstruction_errors - context_mapping.json - context_validation Every table carries an evidence class (COMPUTED) and the run's provenance. Non-production runs are stamped PROVISIONAL or TEST-ONLY.,Hold-out error vs fit error; no leakage between fit and hold-out buildings/sites,Production only with verified sources,Yes: context-temperature mapping accuracy,"Indoor-context mapping is a model, not a measurement of vial temperature"
E3_vial_lag,Numerical verification of the vial thermal-lag solver (lumped vs analytic vs finite-volume),Does the lag solver reproduce analytic/finite-volume benchmarks within tolerance?,none (physics + configs/thermal/lag.yaml),S35 for real-world constants (not needed for the verification itself),,READY,none,completed run_id=20261007_nogit_9b65d844,Nothing for the verification; S35 constants must be verified before E4/F-series use real vial geometry,# Expected outputs: E3_vial_lag Written to `results/runs/<run_id>/tables/` (parquet + `.provenance.json` sidecars) and `figures/`: - lag_verification.json - lag_verification_table Every table carries an evidence class (SIMULATED) and the run's provenance. Non-production runs are stamped PROVISIONAL or TEST-ONLY.,lag_verification.json all cases within tolerance; tests/unit/test_thermal.py passes,Runs in production; class SIMULATED,Supports ONLY 'solver is numerically correct',"Verification of code, not evidence about insulin vials"
E4_exposure_generation,Generate scenario thermal exposures and potency-loss draws,What potency distribution results from each scenario given kinetics K0-K5?,"E1/E2 outputs, climate (S5 scenario), kinetics inputs","L2 degradation literature (S7-S14), L5 context parameters, S35","L2, S1, S2, S3",DEPENDENT ON UPSTREAM EXPERIMENT,missing scientific evidence (L2 degradation rows); human sign-off (S35),"completed run_id=20261007_nogit_deaf540f | COMPLETED WITH RECORDED BLOCKERS (partial, not a full result): SCIENTIFIC BLOCKER: parameter 'degradation_literature' is unresolved (no extracted rows). Needed: extract multi-temperature potency data from primary sources","L2 (kinetic model set) and, for climate scenario S5, E1/E2; S35 verified",# Expected outputs: E4_exposure_generation Written to `results/runs/<run_id>/tables/` (parquet + `.provenance.json` sidecars) and `figures/`: - thermal_exposure - exposure_summaries - potency_draws (+ provenance) Every table carries an evidence class (SIMULATED/COMPUTED) and the run's provenance. Non-production runs are stamped PROVISIONAL or TEST-,"Exposure series pass THERMAL_EXPOSURE schema; potency draws pass validate_potency_draws; blocked scenarios recorded, never filled","PARTIAL in production today: exposure tables produced, potency draws blocked",Yes (central to the project) once potency draws exist,"Kinetic parameters come from sparse, partly disagreeing literature (see S8/S11)"
F1_central,Central fusion: effective potency x biology -> insulin-effectiveness outcome,Is the central estimate of effective insulin action robust to potency loss?,"stored potency draws (E4), virtual population (S3)",L3,"E4, R1, S1, S2, S3",DEPENDENT ON UPSTREAM EXPERIMENT,"upstream (E4 potency draws, S3); human sign-off",BLOCKED: SCIENTIFIC BLOCKER: parameter 'virtual_population_h1.0' is unresolved (virtual_population_h1.0.parquet not found in data/derived). Needed: run the upstream experiment that produces virtual_population_h1.0,E4 potency draws + S3 population in production mode,# Expected outputs: F1_central Written to `results/runs/<run_id>/tables/` (parquet + `.provenance.json` sidecars) and `figures/`: - fusion_out - fusion_summary - controls - primary_endpoints - product_tail_envelope Every table carries an evidence class (PROJECTED) and the run's provenance. Non-production runs are stamped PROVISIONAL or TEST-ONLY.,Fusion invariants and sanity checks in tests/; seed-stable tables,Production only from production-mode upstream tables,Yes,Depends on all upstream assumptions
F2_tail,Tail-risk fusion with large virtual population,How large are the tails of the effectiveness distribution?,"S3 population (n_tail=100000), potency draws",L3,"S2, S3",DEPENDENT ON UPSTREAM EXPERIMENT,"upstream (E4 potency draws, S3); human sign-off","BLOCKED: SCIENTIFIC BLOCKER: parameter 'tdd' is unresolved (status=PENDING_VERIFY, mode=production). Needed: extract/verify against the primary source and register it",S3 (nine S1 rows verified); E4 potency draws (needs L2),# Expected outputs: F2_tail Written to `results/runs/<run_id>/tables/` (parquet + `.provenance.json` sidecars) and `figures/`: - tail_exceedance - product_tail_envelope_* - mc_convergence Every table carries an evidence class (PROJECTED) and the run's provenance. Non-production runs are stamped PROVISIONAL or TEST-ONLY.,Tail estimates stable across seeds; MC error reported,Production only,Yes,Tail quantities are sensitive to unresolved biological parameters (completion options are STRESS_TEST)
F3_compounding,Compounding: repeated exposure across consecutive dosing days,Does cumulative exposure change the conclusions?,"potency draws, S3","L3, L2","R2, S3",DEPENDENT ON UPSTREAM EXPERIMENT,"upstream (E4, S3)",BLOCKED: SCIENTIFIC BLOCKER: parameter 'virtual_population_h1.0' is unresolved (virtual_population_h1.0.parquet not found in data/derived). Needed: run the upstream experiment that produces virtual_population_h1.0,E4 + S3,# Expected outputs: F3_compounding Written to `results/runs/<run_id>/tables/` (parquet + `.provenance.json` sidecars) and `figures/`: - compounding Every table carries an evidence class (PROJECTED) and the run's provenance. Non-production runs are stamped PROVISIONAL or TEST-ONLY.,Matches single-day results at J=1,Production only,Yes,"Independence assumptions across days are modelled, not measured"
F4_ablation,Ablation controls (incl. A4 circularity control),Do conclusions survive removing each modelling component; is there circularity?,as F1,L3,"E4, R2, S2, S3",DEPENDENT ON UPSTREAM EXPERIMENT,"upstream (E4, S3)",BLOCKED: SCIENTIFIC BLOCKER: parameter 'virtual_population_h1.0' is unresolved (virtual_population_h1.0.parquet not found in data/derived). Needed: run the upstream experiment that produces virtual_population_h1.0,E4 + S3,# Expected outputs: F4_ablation Written to `results/runs/<run_id>/tables/` (parquet + `.provenance.json` sidecars) and `figures/`: - ablation_rows - ablation_table Every table carries an evidence class (PROJECTED) and the run's provenance. Non-production runs are stamped PROVISIONAL or TEST-ONLY.,A4 pushes phi toward 1 (else FAILED_CONTROL),Production only,Yes (as a control),A failed control invalidates dependent claims
F5_admissible_set,Evaluate pre-registered conclusions over the admissible set,Which pre-registered conclusions hold across the admissible parameter set?,F1/F2/F4 outputs,"docs/prereg/conclusions.yaml (C1, C2)",S1,READY AFTER PREREG FREEZE,research decision (owner freezes C1/C2); upstream F-series,"BLOCKED: SCIENTIFIC BLOCKER: parameter 'preregistered_conclusions' is unresolved (not frozen: ['C1_heterogeneity_penalty', 'C2_excess_concentration']). Needed: owner must review, date and freeze docs/prereg/conclusions.yaml before any fusion output is inspected","Owner freezes conclusions.yaml (docs/prereg/freeze_procedure.md), then upstream F runs",# Expected outputs: F5_admissible_set Written to `results/runs/<run_id>/tables/` (parquet + `.provenance.json` sidecars) and `figures/`: - conclusion_classes - theta_evaluations - adversarial_search - design_coverage Every table carries an evidence class (PROJECTED) and the run's provenance. Non-production runs are stamped PROVISIONAL or TEST-ONLY.,Margins computed against FROZEN thresholds only,Production only after freeze,Yes: the confirmatory conclusions,Thresholds may not be changed after results are seen
F6_dependence_transport,Dependence/transport: how conclusions move along dependence axes,Do conclusions hold when dependence between potency and biology changes?,as F5,L3,"S1, S3",DEPENDENT ON UPSTREAM EXPERIMENT,"upstream (E4, S3, F5 frozen conclusions as applicable)",BLOCKED: SCIENTIFIC BLOCKER: parameter 'potency_draws' is unresolved (potency_draws.parquet not found in data/derived). Needed: run the upstream experiment that produces potency_draws,Upstream F-series + frozen conclusions,# Expected outputs: F6_dependence_transport Written to `results/runs/<run_id>/tables/` (parquet + `.provenance.json` sidecars) and `figures/`: - sweeps - flip_points Every table carries an evidence class (PROJECTED) and the run's provenance. Non-production runs are stamped PROVISIONAL or TEST-ONLY.,Margins per axis value; blocked cells recorded,Production only,Yes (exploratory unless pre-registered),Dependence structures are analyst-defined completions
L1_novelty,Novelty/evidence search log validation,Is there prior work that already answers the IRIS question?,literature/novelty_search_log.csv (human search),all,,READY AFTER SOURCE VERIFICATION,missing scientific evidence (search not yet run/logged),"BLOCKED: SCIENTIFIC BLOCKER: parameter 'novelty_search_log' is unresolved (no searches logged: novelty has NOT been assessed). Needed: perform and log the searches (database, query, date, result counts)",Run and log the search (docs/literature/01_source_verification_runbook.md section L1); log needs searched_by,# Expected outputs: L1_novelty Written to `results/runs/<run_id>/tables/` (parquet + `.provenance.json` sidecars) and `figures/`: - search_log - near_neighbours Every table carries an evidence class (COMPUTED) and the run's provenance. Non-production runs are stamped PROVISIONAL or TEST-ONLY.,"Log has dates, databases, queries, result counts, closest prior study",Production uses the human-authored log,Supports the novelty statement only,Search completeness cannot be proven
L2_degradation,Extract multi-temperature potency data -> fit kinetic models K1 -> LOSO evaluation,Which kinetic models are supported by the published degradation data?,literature/degradation_literature.csv,S7-S14,,READY AFTER SOURCE VERIFICATION,human sign-off; missing scientific evidence (extraction S7-S14),BLOCKED: SCIENTIFIC BLOCKER: parameter 'degradation_literature' is unresolved (no extracted rows). Needed: extract multi-temperature potency data from primary sources,"Extract rows from S7-S14 with page/table refs, second-reader verify",# Expected outputs: L2_degradation Written to `results/runs/<run_id>/tables/` (parquet + `.provenance.json` sidecars) and `figures/`: - fit_diagnostics - loso_predictions - loso_summary - ensemble_weights Every table carries an evidence class (COMPUTED) and the run's provenance. Non-production runs are stamped PROVISIONAL or TEST-ONLY.,"LOSO error, parameter CIs; verified rows only in production",Production uses verified rows only,Yes (kinetics),Data are few and disagree (S8 vs S7/S11); report as such
L3_biological_evidence,Status table of biological anchors,"Which biological parameters are verified, pending or unresolved?",literature/biological_evidence.csv,"S1 (+S3, S26 context)",S1,READY AFTER SOURCE VERIFICATION,human sign-off (S1 rows),"iris.common.exceptions.UnregisteredSourceError: source 'S1' is registered but unverified: missing ['access_date', 'licence', 'verified_by']",S1 source verification + parameter worksheet sign-off (docs/literature/S1_hossmann_evidence.md),# Expected outputs: L3_biological_evidence Written to `results/runs/<run_id>/tables/` (parquet + `.provenance.json` sidecars) and `figures/`: - parameter_sheet Every table carries an evidence class (COMPUTED) and the run's provenance. Non-production runs are stamped PROVISIONAL or TEST-ONLY.,Every anchor RESOLVED with page/table ref + second reader,Production uses RESOLVED rows only,Yes (provenance of the anchors),"Several S1 values (phase contrasts other than 2 phases, anovulatory prevalence) are still [TO EXTRACT]"
L4_isf_tdd,Empirical ISF vs TDD relationship,How does clinician ISF relate to TDD?,person_day with isf_clinician (DiaTrend pump settings),published ISF/TDD reports (fallback),M5,READY AFTER DATA ACQUISITION,missing access (DiaTrend),"BLOCKED: SCIENTIFIC BLOCKER: parameter 'person_day' is unresolved (no processed person-day table). Needed: obtain a registered public dataset, audit it (make audit), write configs/mappings/<dataset>.yaml, then ingest",DiaTrend access (Phase 2) + mapping; otherwise literature fallback,# Expected outputs: L4_isf_tdd Written to `results/runs/<run_id>/tables/` (parquet + `.provenance.json` sidecars) and `figures/`: - isf_tdd_between_person Every table carries an evidence class (COMPUTED) and the run's provenance. Non-production runs are stamped PROVISIONAL or TEST-ONLY.,Fit diagnostics; person-grouped uncertainty,Production only with ingested data,Supports ISF/TDD scaling assumption,"Pump-setting ISF is clinician-set, not measured sensitivity"
L5_thermal_context,Thermal-context parameter table,What published parameters define indoor/outdoor context mapping?,literature/thermal_context_parameters.csv,"S31, S32, S35",,READY AFTER SOURCE VERIFICATION,human sign-off; missing scientific evidence (extraction),BLOCKED: SCIENTIFIC BLOCKER: parameter 'thermal_context_parameters' is unresolved (no extracted context parameters). Needed: extract C0-C5 parameters with source/page/conditions/units,Extract parameters with page/table refs; verify,# Expected outputs: L5_thermal_context Written to `results/runs/<run_id>/tables/` (parquet + `.provenance.json` sidecars) and `figures/`: - context_parameters Every table carries an evidence class (COMPUTED) and the run's provenance. Non-production runs are stamped PROVISIONAL or TEST-ONLY.,Verified rows only,Production uses verified rows only,Yes (context parameters),"Parameters are population/regional, not site-specific"
M1_baseline,Baseline suite for relative TDD (naive mean; harmonic regression on cycle position),What accuracy does a person-free baseline achieve under subject-grouped CV?,combined person_day,none,R2,READY AFTER MAPPING,"missing external input (HUPA-UCM/BrisT1D download, mapping)","BLOCKED: SCIENTIFIC BLOCKER: parameter 'person_day' is unresolved (no processed person-day table). Needed: obtain a registered public dataset, audit it (make audit), write configs/mappings/<dataset>.yaml, then ingest","Ingest HUPA-UCM/BrisT1D, --combine; cycle baselines stay blocked without labels",# Expected outputs: M1_baseline Written to `results/runs/<run_id>/tables/` (parquet + `.provenance.json` sidecars) and `figures/`: - baseline_scores Every table carries an evidence class (COMPUTED) and the run's provenance. Non-production runs are stamped PROVISIONAL or TEST-ONLY.,Subject-grouped CV only; naive baseline reported,Production needs verified+registered datasets,Naive baseline only (no cycle biology) with unlabelled data,Cycle baselines need real cycle labels (Phase 2)
M2_cycle_estimation,Cycle-phase estimation vs placebo cycles,Does the estimator recover cycle-linked sensitivity beyond placebo cycles?,person-day/events WITH dataset-provided cycle labels,S1 for expected effect size,,NOT YET JUSTIFIED,scientifically unjustified without cycle labels; missing access (T1DEXI),"BLOCKED: SCIENTIFIC BLOCKER: parameter 'person_day' is unresolved (no processed person-day table). Needed: obtain a registered public dataset, audit it (make audit), write configs/mappings/<dataset>.yaml, then ingest","Obtain a dataset with cycle labels (T1DEXI via Vivli, Phase 2); until then no cycle-skill claim is permitted",# Expected outputs: M2_cycle_estimation Written to `results/runs/<run_id>/tables/` (parquet + `.provenance.json` sidecars) and `figures/`: - cycle_amplitude Every table carries an evidence class (COMPUTED) and the run's provenance. Non-production runs are stamped PROVISIONAL or TEST-ONLY.,Placebo-cycle null (n=60) must be exceeded,Refused for unlabelled data,No (today),Manufacturing labels is forbidden (project document)
M3_generalisation,Generalisation of RF/GB benchmarks across subjects (grouped CV),Do cycle-aware benchmarks generalise to held-out subjects?,person_day with cycle labels,none,R2,NOT YET JUSTIFIED,scientifically unjustified without cycle labels; missing access (T1DEXI),"BLOCKED: SCIENTIFIC BLOCKER: parameter 'person_day' is unresolved (no processed person-day table). Needed: obtain a registered public dataset, audit it (make audit), write configs/mappings/<dataset>.yaml, then ingest",Cycle-labelled data (Phase 2),# Expected outputs: M3_generalisation Written to `results/runs/<run_id>/tables/` (parquet + `.provenance.json` sidecars) and `figures/`: - loso_scores Every table carries an evidence class (COMPUTED) and the run's provenance. Non-production runs are stamped PROVISIONAL or TEST-ONLY.,Leave-subject-out only,Refused without labels,No (today),Same as M2
M4_leakage,Explicit leakage tests incl. identity canary (RF),Does the CV design prevent subject/time leakage; can the canary detect it?,any combined person_day,none,,READY AFTER MAPPING,missing external input (any real dataset ingested),"BLOCKED: SCIENTIFIC BLOCKER: parameter 'person_day' is unresolved (no processed person-day table). Needed: obtain a registered public dataset, audit it (make audit), write configs/mappings/<dataset>.yaml, then ingest",Ingest any one real dataset + --combine,# Expected outputs: M4_leakage Written to `results/runs/<run_id>/tables/` (parquet + `.provenance.json` sidecars) and `figures/`: - leakage_tests Every table carries an evidence class (COMPUTED) and the run's provenance. Non-production runs are stamped PROVISIONAL or TEST-ONLY.,Grouped splits disjoint; row-wise split demonstrably leaks; canary unpredictable under grouped CV,Production needs verified+registered data,Supports 'evaluation design is leakage-free' only,Passing says nothing about biology
M5_empirical_isf_tdd,Spectral negative control in unlabelled long series,Is a 21-35 day periodicity detectable in TDD without labels (females vs males)?,DiaTrend (>=150 pump days for the female group),none,,READY AFTER DATA ACQUISITION,missing access (DiaTrend); possible code limitation (multi-sheet Excel layout),"BLOCKED: SCIENTIFIC BLOCKER: parameter 'person_day' is unresolved (no processed person-day table). Needed: obtain a registered public dataset, audit it (make audit), write configs/mappings/<dataset>.yaml, then ingest",DiaTrend access (Phase 2) + mapping,# Expected outputs: M5_empirical_isf_tdd Written to `results/runs/<run_id>/tables/` (parquet + `.provenance.json` sidecars) and `figures/`: - isf_tdd_fit Every table carries an evidence class (COMPUTED) and the run's provenance. Non-production runs are stamped PROVISIONAL or TEST-ONLY.,False-positive rate under shuffled data reported,Production only with ingested DiaTrend,Negative-control calibration only,Absence of a peak is not absence of cycle effects
M6_circadian_recovery,Circadian (24 h) sensitivity recovery on real CGM/insulin/carb series (V2),Does the estimator recover a reproducible 24 h pattern in real data vs placebo shifts?,HUPA-UCM + BrisT1D events grids,none (direction vs literature: [VERIFY]),M2,READY AFTER MAPPING,"missing external input (HUPA-UCM, BrisT1D)",BLOCKED: SCIENTIFIC BLOCKER: parameter 'events_grid' is unresolved (no ingested dataset available for any configured dataset). Needed: ingest HUPA-UCM / BrisT1D first (docs/data guides),Download/audit/map/ingest HUPA-UCM and BrisT1D,"# Expected outputs: M6_circadian_recovery Written to `results/runs/<run_id>/tables/`: - circadian_person (per person: amplitude, peak hour, split-half r) - circadian_population (per dataset: amplitude + CI, peak + CI, placebo p, split-half, `reproducible`) - circadian_profile (24 hourly values per dataset) - circadian_nuisance_sensitivity (amplitud",Split-half reproducibility; placebo shifts; nuisance-scale sensitivity,Production needs verified+registered data,METHOD PLAUSIBILITY only; no menstrual-cycle claim,Small cohorts; HUPA-UCM is ~2 weeks per person
R1_sensitivity,Global sensitivity (Sobol/SALib) of outcomes,Which inputs drive outcome variance?,fusion machinery + populations,all,"S1, S3",DEPENDENT ON UPSTREAM EXPERIMENT,"upstream (S3, E4)",BLOCKED: SCIENTIFIC BLOCKER: parameter 'potency_draws' is unresolved (potency_draws.parquet not found in data/derived). Needed: run the upstream experiment that produces potency_draws,S3 + E4 in production,# Expected outputs: R1_sensitivity Written to `results/runs/<run_id>/tables/` (parquet + `.provenance.json` sidecars) and `figures/`: - sobol_by_seed - sobol_summary - thermal_variance_share - tornado Every table carries an evidence class (COMPUTED) and the run's provenance. Non-production runs are stamped PROVISIONAL or TEST-ONLY.,Indices sum sanity; bootstrap CIs,Production only,Yes (robustness),Climate input reported 'not applicable' while S5 is blocked
R2_definition_robustness,Robustness to outcome definitions,Do conclusions survive alternative definitions?,fusion outputs,L3,"F1, S1, S3",DEPENDENT ON UPSTREAM EXPERIMENT,upstream (F-series),BLOCKED: SCIENTIFIC BLOCKER: parameter 'potency_draws' is unresolved (potency_draws.parquet not found in data/derived). Needed: run the upstream experiment that produces potency_draws,F-series upstream,# Expected outputs: R2_definition_robustness Written to `results/runs/<run_id>/tables/` (parquet + `.provenance.json` sidecars) and `figures/`: - stability_matrix - stability_summary Every table carries an evidence class (PROJECTED) and the run's provenance. Non-production runs are stamped PROVISIONAL or TEST-ONLY.,Per-definition margins,Production only,Yes (robustness),Definition set fixed in advance
R3_structural_robustness,Robustness to structural model choices,Do conclusions hold across structural alternatives?,fusion outputs,L3,"S1, S3",DEPENDENT ON UPSTREAM EXPERIMENT,upstream (F-series),BLOCKED: SCIENTIFIC BLOCKER: parameter 'potency_draws' is unresolved (potency_draws.parquet not found in data/derived). Needed: run the upstream experiment that produces potency_draws,F-series upstream,# Expected outputs: R3_structural_robustness Written to `results/runs/<run_id>/tables/` (parquet + `.provenance.json` sidecars) and `figures/`: - structural_results - structural_flips Every table carries an evidence class (PROJECTED) and the run's provenance. Non-production runs are stamped PROVISIONAL or TEST-ONLY.,"Blocked structures are reported, not dropped",Production only,Yes (robustness),Structures are analyst-chosen
S1_estimator_ground_truth,Verify the EKF/RTS estimator against known synthetic truth,Does the estimator recover a known sensitivity profile?,"none (simulator, ASSUMPTION constants)",T4 constants,,SCIENTIFICALLY REFUSED,scientifically unjustified as production evidence (synthetic truth; verification only),iris.common.exceptions.TestOnlyDataError: production pipeline received synthetic/TEST_ONLY lineage via source 'S1_virtual_people',Run in test mode as a code-verification result; it cannot become production evidence by design,# Expected outputs: S1_estimator_ground_truth Written to `results/runs/<run_id>/tables/` (parquet + `.provenance.json` sidecars) and `figures/`: - recovery_trials - recovery_summary Every table carries an evidence class (SIMULATED) and the run's provenance. Non-production runs are stamped PROVISIONAL or TEST-ONLY.,Recovery error small; calibrated intervals,TEST only (synthetic lineage),"No: verification, not evidence","Synthetic truth validates code, not biology"
S2_thermal_kinetics,Verify kinetic fitting recovers known synthetic parameters,Does K1 fitting recover truth?,none (synthetic),none,,SCIENTIFICALLY REFUSED,scientifically unjustified as production evidence (synthetic truth; verification only),iris.common.exceptions.TestOnlyDataError: production pipeline received synthetic/TEST_ONLY lineage via source 'S2_synthetic_truth',Run in test mode as verification only,# Expected outputs: S2_thermal_kinetics Written to `results/runs/<run_id>/tables/` (parquet + `.provenance.json` sidecars) and `figures/`: - k1_recovery - forward_checks Every table carries an evidence class (SIMULATED) and the run's provenance. Non-production runs are stamped PROVISIONAL or TEST-ONLY.,Parameter recovery within tolerance,TEST only,No: verification,As S1
S3_virtual_population,Build the virtual population,Population of TDD/cycle/sensitivity parameters anchored to S1,none,S1 (L3 table),S1,READY AFTER SOURCE VERIFICATION,human sign-off (nine S1 rows),"BLOCKED: SCIENTIFIC BLOCKER: parameter 'tdd' is unresolved (status=PENDING_VERIFY, mode=production). Needed: extract/verify against the primary source and register it","Nine S1 rows RESOLVED (tdd, cycle, luteal length, concordance, two phase anchors) + sync_population_status; other items stay declared completions (STRESS_TEST)",# Expected outputs: S3_virtual_population Written to `results/runs/<run_id>/tables/` (parquet + `.provenance.json` sidecars) and `figures/`: - population_checks - virtual_population_h* Every table carries an evidence class (SIMULATED) and the run's provenance. Non-production runs are stamped PROVISIONAL or TEST-ONLY.,Marginals match anchors; seeds reproducible,Production needs RESOLVED anchors,Foundation for F/R series,Completions are analyst-defined (Theta_S)
