source_id,class,title,citation_or_url,version,access_date,licence,sha256,used_for,verified_by
S1,PUBLISHED,Hossmann et al. Effects of menstrual cycle on insulin sensitivity in type 1 diabetes (AID cohort),doi:10.2337/dc26-0692 | Diabetes Care 2026;49(9):1673-1680,,,,,"Phase effects, heterogeneity, TDD, carbohydrate, cycle length",
S2,PUBLISHED,Brown et al. Fluctuations of hyperglycemia and insulin sensitivity linked to menstrual cycle phases in T1D,J Diabetes Sci Technol 2015,,,,,State-space precedent; small-study contrast,
S3,PUBLISHED,T1DEXI menstrual-cycle analysis: Changing glucose levels during the menstrual cycle (Type 1 Diabetes Exercise Initiative),ScienceDirect S149926712400128X (2024) [VERIFY authors/journal],,,,,TDD and carbohydrate by phase,
S4,PUBLISHED,Rojas Lopez et al. Glycemic control during the menstrual cycle in women with T1D: AID performance,doi:10.1111/dom.70673; PMID 41877361 [VERIFY author list],,,,,Cross-study consistency,
S5,PUBLISHED,Adolescent AID menstrual-cycle study,J Pediatr Endocrinol Metab 2026 [VERIFY],,,,,Context (adolescents),
S7,PUBLISHED,Vimalavathini & Gitanjali. Effect of temperature on the potency and pharmacological action of insulin,Indian J Med Res 2009;130:166-169,,,,,Thermal data,
S8,PUBLISHED,Effect of temperature on the stability of in-use insulin pens,Exp Clin Endocrinol Diabetes 2021;129:683-688,,,,,Disagreeing thermal data,
S9,PUBLISHED,Insulin pen stability under fluctuating 25-37 C,BMJ Open Diabetes Res Care 2022;10:e003105,,,,,Cycling-temperature check,
S10,PUBLISHED,"Isophane insulin at 5, 25, 40 C",J Pharmacol Pharmacother,,,,,High-temperature data,
S11,PUBLISHED,Cochrane review CD015385: Thermal stability and storage of human insulin,Cochrane CD015385,,,,,Evidence base limits,
S12,PUBLISHED,Forsander et al. Insulin thermostability in a real-world setting,Lancet Diabetes Endocrinol 2023,,,,,Scenario S8 benchmark,
S13,PUBLISHED,Brange et al. Chemical stability of insulin 1. Hydrolytic degradation during storage,Pharm Res 1992;9:715-726,,,,,Deamidation kinetics,
S14,PUBLISHED,Oliva et al. Influence of temperature and shaking on stability of insulin preparations,Int J Pharm 1996;143:163-170,,,,,Kinetic model forms,
S15,PUBLIC_DATASET,HUPA-UCM diabetes dataset,doi:10.1016/j.dib.2024.110559; Mendeley Data doi:10.17632/3hbcscwz44.1,,,,,Estimator validation dataset,
S16,PUBLIC_DATASET,DiaTrend,Sci Data 2023;10:556,,,,,Estimator validation dataset,
S17,PUBLIC_DATASET,BrisT1D dataset,arXiv 2507.17757 and Bristol repository,,,,,Estimator validation dataset,
S18,PUBLIC_DATASET,OhioT1DM dataset,Marling & Bunescu 2020 [NOT VERIFIED],,,,,Estimator validation dataset,
S19,PUBLIC_DATASET,T1DEXI / T1DEXIP,T1DEXI documentation and Vivli listing,,,,,Estimator validation dataset,
S26,PUBLISHED,"Menstrual Cycle, Glucose Control and Insulin Sensitivity in T1D: A Systematic Review",doi:10.3390/jpm13020374 | J Pers Med 2023;13(2):374,,,,,Cycle-evidence heterogeneity,
S27,PUBLIC_DATASET,ERA5-Land hourly reanalysis (Munoz-Sabater et al. 2021),Earth Syst Sci Data 2021;13:4349-4383 [VERIFY],,,,,Primary hourly climate input,
S28,PUBLIC_DATASET,ERA5 global reanalysis (Hersbach et al. 2020),Q J R Meteorol Soc 2020;146:1999-2049 [VERIFY],,,,,Cross-check of ERA5-Land,
S29,PUBLIC_DATASET,NASA POWER daily climate data,NASA POWER data access interface (access date to be recorded),,,,,Independent daily climate source,
S30,PUBLIC_DATASET,IMD high-resolution daily gridded temperature (Srivastava et al. 2009),Atmos Sci Lett 2009 [VERIFY details],,,,,Regional daily Tmax/Tmin,
S31,PUBLIC_DATASET,ASHRAE Global Thermal Comfort Database II,Build Environ 2018 [VERIFY details],,,,,Context-mapping fit and hold-out,
S32,PUBLISHED,Manu et al. India Model for Adaptive Comfort (IMAC),Build Environ 2016 [VERIFY details],,,,,Context-mapping coefficients,
S33,PUBLISHED,Beck et al. Koppen-Geiger climate classification maps,Sci Data 2018 [VERIFY details],,,,,Location selection by class,
S34,PUBLISHED,Parton & Logan. A model for diurnal variation in soil and air temperature,Agric Meteorol 1981;23:205-216 [VERIFY],,,,,Sub-daily reconstruction,
S35,OPEN_RESOURCE,Heat-transfer handbook correlations; glass-vial dimension standard; national standards body water/glass tables,(addresses to be recorded),,,,,Lumped-capacitance parameters,
S36,PUBLISHED,Published validation studies of ERA5 / ERA5-Land / NASA POWER 2 m temperature,(to be located),,,,,sigma_val in climate-data bias,
S38,OPEN_RESOURCE,TIMES programme (Diabetes Center Berne with Tidepool) funder summary; NCT06282055,Breakthrough T1D grant page accessed 2026-10-04,,,,,Heterogeneity context only; never a model input,
